{"cameraMode":{"drawMode":0,"name":"Shaded","section":"Shading Mode"},"sceneLighting":true,"audioPlay":false,"sceneViewState":{"m_AlwaysRefresh":false,"showFog":true,"showSkybox":true,"showFlares":true,"showImageEffects":true,"showParticleSystems":true,"showVisualEffectGraphs":true,"m_FxEnabled":true},"in2DMode":false,"pivot":{"x":-15.701058387756348,"y":-35.80142593383789,"z":120.5947036743164},"rotation":{"x":-0.12298509478569031,"y":-0.01908007077872753,"z":0.002312996657565236,"w":-0.9922837615013123},"size":75.15892791748047,"orthographic":false}